{
  "production": true,
  "backend_url": "https://andaluh.api.ushahidi.io/",
  "api_v3": "api/v3/",
  "api_v5": "api/v5/",
  "mapbox_api_key": "pk.eyJ1IjoidXNoYWhpZGkiLCJhIjoiY2lxaXUzeHBvMDdndmZ0bmVmOWoyMzN6NiJ9.CX56ZmZJv0aUsxvH5huJBw",
  "default_locale": "en_ES",
  "oauth_client_id": "ushahidiui",
  "oauth_client_secret": "35e7f0bca957836d05ca0492211b0ac707671261",
  "export_polling_interval": 30000,
  "gtm_key": "GTM-PS6B8C6",
  "sentry_dsn": "",
  "sentry_environment": "",
  "sentry_debug_mode": false
}
